2408-054341,,,,,,,,,
,,,,,,,,,
Car Test Centres as at 19/08/2024,,,,,,,,,
,,,,,,,,,
Permanent,ADDRESS LINE 1,ADDRESS LINE 2,ADDRESS LINE 3,ADDRESS LINE 4,ADDRESS LINE 5,POST CODE,LATITUDE,LONGITUDE,TC_ID
Aberdeen North,Driver and Vehicle Standards Agency,Driving Test Centre LGV Aberdeen,"Cloverhill Road, Bridge of Don",Aberdeen,,AB23 8FE,57.19,-2.10,337
Aberdeen South (Cove),MOSS ROAD,GATEWAY BUSINESS PARK,"NIGG, ABERDEEN",,,AB12 3GQ,57.09,-2.11,1878
Abergavenny,Driver and Vehicle Standards Agency,Driving Test Centre Abergavenny,"Station Road, Abergavenny",,,NP7 5HT,51.82,-3.01,355
Aberystwyth (Park Avenue),Driver and Vehicle Standards Agency,Aberystwyth Football Club,Park Avenue,ABERYSTWYTH,,SY23 1PG,52.41,-4.08,356
Airdrie,Driver and Vehicle Standards Agency,Driving Test Centre Airdrie,"7 Aitchison Street, Sword Street",Airdrie,,ML6 0DA,55.87,-3.99,254
Ashfield,Driver and Vehicle Standards Agency,Driving Test Centre Ashfield,"Ground Floor, Sherwood House",Off Coxmoor Road,,NG17 5LA,53.12,-1.24,3459
Ashford (Kent),Driver and Vehicle Standards Agency,Driving Test Centre Ashford (Kent),"Ground Floor, Civic Centre,","Tannery Lane, Ashford",,TN23 1PL,51.15,0.88,94
Atherton (Manchester),Driver and Vehicle Standards Agency,,"5 Gibfield Park Avenue, Atherton",MANCHESTER,,M46 0SU,53.53,-2.50,1858
Aylesbury,Driver and Vehicle Standards Agency,Unit 9 Ground Floor,Bell Business Park,Aylesbury Buckinghamshire,,HP19 8JR,51.82,-0.84,42
Ayr,Driver and Vehicle Standards Agency,Driving Test Centre Ayr MPTC,"40 Boundary Road, Heathfield Industrial Estate",Ayr,,KA8 9DJ,55.48,-4.60,3679
Banbury,Driver and Vehicle Standards Agency,Driving Test Centre Banbury,Room 8,"Mewburn Road, Banbury",,OX16 9PG,52.06,-1.34,43
Bangor,Gateway Park,Llandegai Ind Estate,Llandegai,Bangor,,LL57 4YH,53.22,-4.10,1318
Barking (Tanner Street),Driver and Vehicle Standards Agency,Driving Test Centre Barking,84 Tanner Street,Barking,,IG11 8QF,51.54,0.08,96
Barnet (London),Driver and Vehicle Standards Agency,Driving Test Centre Barnet,Raydean House,15-17 Western Parade,,EN5 1AD,51.65,-0.19,97
Barnsley,Driver and Vehicle Standards Agency,Driving Test Centre Barnsley,West Road,Barnsley,,S75 2DH,53.55,-1.50,171
Barnstaple,Unit 1A,Benning Court (Off Riverside Road),"Pottington Industrial Estate, Barnstaple",,,EX31 1AB,51.08,-4.08,360
Barrow In Furness,Driver and Vehicle Standards Agency,Driving Test Centre Barrow-In-Furness,Trinity Enterprise Centre,"Unit 11, Ironworks Road",,LA14 2PN,54.12,-3.24,159
Barry,unit No 16 Business Service Centre,Hood Road,Innovation Quarter,The Waterfront,Vale Of Glamorgan,CF62 5QN,51.40,-3.28,3985
Basildon,Driving Test Centre,,"Paycocke Road, Basildon",,,SS14 3JS,51.58,0.47,1396
Basingstoke,Driver and Vehicle Standards Agency,Driving Test Centre Basingstoke,Sullivan Road,"Brighton Hill, Basingstoke",,RG22 4LR,51.25,-1.11,362
Bedford,Bedford Heights,Manton Lane,Bedford,,,MK41 7BJ,52.15,-0.48,1416
Belvedere (London),Driver and Vehicle Standards Agency,Driving Test Centre Belvedere,33 Woolwich Road,Belvedere,,DA17 5EE,51.48,0.14,98
Beverley LGV,Driver and Vehicle Standards Agency,Driving Test Centre Beverley LGV,"Old Beck Road, Off Groveshill Road",Beverley,,HU17 0JG,53.84,-0.40,428
Birmingham (Garretts Green),Driving Test Centre Birmingham Garretts Green,Granby Avenue,Garretts Green,BIRMINGHAM,,B33 0SD,52.47,-1.77,1176
Birmingham (Kings Heath),Driver and Vehicle Standards Agency,Driving Test Centre (Kings Heath),955 Alcester Road South,Birmingham,,B14 5JA,52.41,-1.89,22
Birmingham (Kingstanding),Driver and Vehicle Standards Agency,Driving Test Centre (Kingstanding),"205 Birdbrook Road, Kingstanding",,,B44 9UL,52.54,-1.89,32
Birmingham (Shirley),Driver and Vehicle Standards Agency,Driving Test Centre (Shirley),"401 Stratford Road, Shirley, Solihull",,,B90 4AA,52.40,-1.82,35
Birmingham (South Yardley),Driver and Vehicle Standards Agency,Driving Test Centre (South Yardley),"Clay Lane, South Yardley",,,B26 1EA,52.45,-1.81,38
Bishopbriggs,Driver and Vehicle Standards Agency,Crosshill Road,Bishopbriggs,Glasgow,,G64 2QA,55.92,-4.20,5585
Bishops Stortford,Driver and Vehicle Standards Agency,Driving Test Centre Bishops Stortford,South Road,Bishops Stortford,,CM23 3JQ,51.86,0.16,17
Blackburn with Darwen,Driver and Vehicle Standards Agency,Driving Test Centre Blackburn with Darwen,"Blackburn Interchange, Commercial Road",Blackburn,,BB3 0DB,53.71,-2.48,1860
Blackpool,Norbreck Castle Hotel,Queens Promenade,Norbreck,BLACKPOOL,,FY2 9AA,53.84,-3.03,161
Bletchley,Driver and Vehicle Standards Agency,Driving Test Centre Bletchley,"Block 4 Government Buildings, Wilton Hostel","Wilton Avenue, Bletchley",,MK3 6DH,51.99,-0.74,44
Blyth,Driver & Vehicle Standards Agency,Driving Test Centre Blyth,"Unit 3 Sextant House, Freehold Street",BLYTH,,NE24 2BA,55.12,-1.50,151
Bodmin,Driver and Vehicle Standards Agency,Driving Test Centre Bodmin Beatrice Road,"Units 32 - 36, Walker Lines Offices, Beatrice Road","Bodmin, Cornwall",,PL31 1RD,50.46,-4.71,363
Bolton (Manchester),Driver and Vehicle Standards Agency,Driving Test Centre Bolton,Weston Street,Bolton,,BL3 2AW,53.57,-2.42,197
Borehamwood (London),Driver and Vehicle Standards Agency,Driving Test Centre,"Ground Floor, Unit 1, Stirling Court","Stirling Way, Borehamwood",,WD6 2BT,51.64,-0.26,796
Boston,Driver and Vehicle Standards Agency,Driving Test Centre Boston,Redstone Industrial Estate,"Unit 2 Plot 3, Boston",,PE21 8AL,52.97,-0.03,48
Bradford (Heaton),Driver and Vehicle Standards Agency,Driving Test Centre Bradford (Heaton),15 Farfield Street,Heaton,,BD9 5AS,53.81,-1.78,183
Bradford (Thornbury),Unit E,The Courtyard,"Midpoint, Thornbury",Bradford,,BD3 7AY,53.80,-1.71,3742
Bredbury (Manchester),Driver and Vehicle Standards Agency,Driving Test Centre Bredbury MPTC,Linguard Lane,"Bredbury, Stockport",,SK6 2QT,53.43,-2.12,3715
Brentwood (London),Driver and Vehicle Standards Agency,Driving Test Centre Brentwood,89 Warley Hill,Brentwood,,CM14 5JN,51.61,0.30,100
Bridgend,Driver and Vehicle Standards Agency,Driving Test Centre Bridgend,"Crown Building, Angel Street",Bridgend,,CF31 4AD,51.51,-3.58,366
Bridlington,Driving Vehicle Standards Agency,Driving Test Centre Bridlington,Units 23 & 24 Enterprise Way,"Bessingby Industrial Estate, Bridlington",,YO16 4SF,54.09,-0.20,175
Bristol (Avonmouth),Driver and Vehicle Standards Agency,Driving Test Centre Bristol Avonmouth,"Unit M6, Cabot Park",Merebank Road,"Avonmouth, Bristol",BS11 8AQ,51.52,-2.69,6305
Bristol (Kingswood),The Siston Centre,Station Road,Kingswood,Bristol,,BS15 4GQ,51.47,-2.49,1357
Bromley (London),121-123 Burnt Ash Lane,,,BROMLEY,,BR1 5AB,51.42,0.02,7805
Burgess Hill,Driver and Vehicle Standards Agency,Driving Test Centre Burgess Hill,"Off Charles Avenue, Victoria Industrial Estate",Burgess Hill,,RH15 9AG,50.96,-0.13,1258
Burton on Trent,Driver and Vehicle Standards Agency,Driving Test Centre Burton on Trent,Wellington Park,"Burton on Trent, Staffordshire.",,DE14 2TG,52.80,-1.66,1136
Bury (Manchester),Driver and Vehicle Standards Agency,Driving Test Centre Bury,Smith Street,Bury,,BL9 6HH,53.60,-2.29,198
Bury St Edmunds,Driver and Vehicle Standards Agency,Driving Test Centre Bury St Edmunds,Tritron House,St Andrews Street North,,IP33 1TJ,52.25,0.71,75
Buxton,Driver and Vehicle Standards Agency,The Driving Test Centre (Buxton),"The Dairy, 7 Green Lane",Buxton,,SK17 9DS,53.25,-1.91,216
Camborne,Driver and Vehicle Standards Agency,Driving Test Centre Camborne L   LGV,"Wilson Way, Redruth",Camborne,,TR15 3RP,50.23,-5.27,372
Cambridge (Brookmount Court),Driver and Vehicle Standards Agency,Driving Test Centre Cambridge Brookmount Court,"Units A & B Brookmount Court, Kirkwood Road",Cambridge,,CB4 2QH,52.23,0.14,12
Canterbury,Driver and Vehicle Standards Agency,Driving Test Centre Canterbury,25 New Dover Road,Canterbury,,CT1 3AS,51.27,1.09,103
Cardiff (Llanishen),Thornbury House,Unit 11 Lambourne Crescent,Cardiff business Park,Cardiff,,CF14 5GF,51.52,-3.19,4585
Cardigan,Driver and Vehicle Standards Agency,Driving Test Centre Cardigan,"Crown Buildings, Napier Street",Cardigan,,SA43 1ED,52.09,-4.66,375
Carlisle,Driver and Vehicle Standards Agency,Driving Test Centre Carlisle,"Port Road Business Park, Port Road",Carlisle,,CA2 7AF,54.90,-2.95,1276
Carlisle LGV (Cars),Driver and Vehicle Standards Agency,Driving Test Centre Carlisle,Kingstown Industrial Estate,Carlisle,,CA3 0EH,54.92,-2.95,225
Carmarthen,Driver and Vehicle Standards Agency,Driving Test Centre Carmarthen,"Ty Myrddin, Crown Building, Old Station Road",Carmarthen,,SA31 1LP,51.86,-4.30,376
Chadderton,Driver and Vehicle Standards Agency,Broadgate,"Oldham Broadway Business Park,",Chadderton,OLDHAM,OL9 9XA,53.53,-2.17,6505
Cheetham Hill (Manchester),Driver and Vehicle Standards Agency,Driving Test Centre Cheetham Hill,Alderglen Road,Cheetham,,M8 0AL,53.50,-2.24,199
Chelmsford (Hanbury Road),Driver and Vehicle Standards Agency,Driving Test Centre Chelmsford LGV,"15 Hanbury Road, Widford Industrial Estate",Chelmsford,,CM1 3DR,51.72,0.45,91
Cheltenham,Driver and Vehicle Standards Agency,Driving Test Centre Cheltenham,"Bishopsgate House, 94 All Saints Road",Cheltenham,,GL52 2HQ,51.90,-2.07,377
Chertsey (London),Driver and Vehicle Standards Agency,Driving Test Centre Chertsey,"Unit 4, The Forum, Hanworth Lane",Chertsey,,KT16 9JX,51.38,-0.51,776
Chester,Driver and Vehicle Standards Agency,"Unit 16, Telford Court, Dunkirk Trading Estate","Chester Gates, Dunkirk",CHESTER,,CH1 6LT,53.16,-2.85,1257
Chesterfield,Driver and Vehicle Standards Agency,Driving Test Centre Chesterfield,Bus Garage Approach Road,Stonegravels,,S41 7LT,53.24,-1.43,56
Chichester,Driver and Vehicle Standards Agency,Driving Test Centre Chichester,"York House, City Fields Business Park","City Fields Way, Tangmere",,PO20 2FR,50.85,-0.71,104
Chingford (London),Driving Test Centre Chingford,Doric House,"128 Station Road, Chingford",,,E4 6AD,51.63,0.01,105
Chippenham,Driver and Vehicle Standards Agency,Driving Test Centre Chippenham,"Unit 11, Cavalier Court, Bumpers Farm",Chippenham,,SN14 6LH,51.47,-2.14,378
Chorley,Driver and Vehicle Standards Agency,Driving Test Centre Chorley,Rossall Road,Chorley,,PR6 0BT,53.66,-2.62,200
Clacton-on-Sea,Driver and Vehicle Standards Agency,Driving Test Centre Clacton-on-Sea,103/105 Carnarvon Road,Clacton-on- Sea,,CO15 6QA,51.80,1.15,14
Colchester,Driver and Vehicle Standards Agency,Driving Test Centre Colchester,Grange Way,Colchester,,CO2 8HF,51.87,0.93,15
Coventry,Driver and Vehicle Standards Agency,Driving Test Centre Coventry,"Bayton Road Industrial Estate, 42 Bayton Road",Coventry,,CV7 9EJ,52.46,-1.48,656
Crawley,Driver and Vehicle Standards Agency,Driving Test Centre Crawley,"Unit 2 The Pavilions, Brighton Road,","Pease Pottage, Crawley",,RH11 9BJ,51.08,-0.20,106
Crewe,Driver and Vehicle Standards Agency,Driving Test Centre Crewe,6 Nile Street,Crewe,,CW2 7LL,53.09,-2.44,213
Culham LGV,Driver and Vehicle Standards Agency,Driving Test Centre Culham LGV,Culham No 1 Site,Abingdon,,OX14 3DA,51.66,-1.20,92
Darlington,Driver and Vehicle Standards Agency,Driving Test Centre Darlington MPTC,"High Point Business Park, Yarm Road",Darlington,,DL1 4PW,54.52,-1.51,958
Derby (Alvaston),Driver and Vehicle Standards Agency,Off Belmore Way,Alvaston,Derby,,DE21 7AY,52.90,-1.43,5685
Doncaster,"Units 10 & 11, Heather Court",Shaw Wood Business Park,Shaw Wood Way,Doncaster,,DN2 5YL,53.54,-1.09,190
Dorchester,66 Peverell Avenue West,Poundbury,Dorchester,Dorset,,DT1 3SU,50.71,-2.47,3659
Dudley,Driver and Vehicle Standards Agency,Driving Test Centre Dudley,Unit 2 Newton House,"The Pensnett Estate,Kingswinford",,DY6 7YE,52.50,-2.15,24
Dumbarton,Strathleven House,Suite A4,Vale of Leven Industrial Estate,Dumbarton,,G82 3PD,55.97,-4.57,262
Dumfries,Driver and Vehicle Standards Agency,Driving Test Centre Dumfries,161 Brooms Road,Dumfries,,DG1 2SH,55.07,-3.60,265
Dundee,Driving Test Centre Dundee,Block 23B Kilspindie Place,Dunsinane Industrial Estate,Dundee,,DD2 3QH,56.48,-3.01,3802
Dunfermline (Vine),Driver and Vehicle Standards Agency,Driving Test Centre Dunfermline,Vine Conference Centre,Dunfermline,,KY11 4JU,56.07,-3.44,7685
Durham,1st Floor Enna House,Whitfield Court,St John's Road,Meadowfield Durham,,DH7 8XL,54.75,-1.61,3717
Eastbourne,Driver and Vehicle Standards Agency,Driving Test Centre Eastbourne,"1 Coastguard Cottages, 84 Wartling Road",Eastbourne,,BN22 7PT,50.78,0.31,108
Edinburgh (Currie),Driver and Vehicle Standards Agency,Driving Test Centre Edinburgh Currie,13-15 Bryce Road,Currie,,EH14 5LT,55.90,-3.31,716
Edinburgh (Musselburgh),Driving Test Centre Edinburgh Musselburgh,Olivebank,Newhailes Road,,,EH21 6SJ,55.94,-3.07,896
Elgin,Driver and Vehicle Standards Agency,Driving Test Centre Elgin,"Crown Buildings, 21 Trinity Road",Elgin,,IV30 1UE,57.65,-3.32,269
Enfield (Brancroft Way),Driver and Vehicle Standards Agency,Driving Test Centre Enfield LGV,"33 Brancroft Way, Brimsdown",Enfield,,EN3 7NJ,51.66,-0.03,444
Enfield (Innova Business Park),Driver and Vehicle Standards Agency,Driving Test Centre Enfield,"Solar Way, Innova Business Park",Enfield,,EN3 7XY,51.68,-0.02,996
Erith (London),Driving Test Centre Erith MPTC,Crabtree,Manor Way North,Erith,,DA17 6LJ,51.50,0.16,1056
Exeter,Driver and Vehicle Standards Agency,Driving Test Centre Exeter,"Thorverton Rd, Marsh Barton",Exeter,,EX2 8FS,50.70,-3.52,1016
Exeter LGV,Driver and Vehicle Standards Agency,Driving Test Centre Exeter LGV,Grace Road,Marsh Barton,,EX2 8PU,50.70,-3.53,439
Farnborough,Driver and Vehicle Standards Agency,Driving Test Centre Farnborough,"35 Hercules Way, Aerospace Boulevard","Unit C1, Cirrus, Farnborough",,GU14 6UU,51.27,-0.77,1336
Featherstone,Driver and Vehicle Standards Agency,Driving Test Centre Featherstone LGV,"Cat & Kitten Lane,",Featherstone,,WV10 7JD,52.64,-2.11,88
Folkestone,Driver and Vehicle Standards Agency,Driving Test Centre Folkestone,"Palting House, Patling Way, Trinity Road",Folkestone,,CT20 2TS,51.08,1.17,109
Galashiels,Driver and Vehicle Standards Agency,Driving Test Centre Galashiels,1 Croft Street,Galashiels,,TD1 3BH,55.61,-2.80,279
Gateshead,Driver and Vehicle Standards Agency,Driving Test Centre Gateshead,Waterside Drive,Dunston,,NE11 9HU,54.96,-1.66,957
Gillingham,Driver and Vehicle Standards Agency,Driving Test Centre Gillingham,"Unit 1, Astra Park, Courteney Road",Gillingham,,ME8 0EZ,51.36,0.58,3619
Glasgow (Anniesland),Driver and Vehicle Standards Agency,Driving Test centre Glasgow Anniesland,351 Anniesland Road,Glasgow,,G13 1XS,55.89,-4.34,278
Glasgow (Baillieston),Driver and Vehicle Standards Agency,Driving Test Centre Glasgow Baillieston,"341  Springhill Parkway, Glasgow Business Park",Glasgow,,G69 6GA,55.86,-4.11,676
Glasgow (Shieldhall),Driver and Vehicle Standards Agency,Driving Test Centre Glasgow Shieldhall,"Bogmoor Road, Shieldhall",Glasgow,,G51 4TH,55.86,-4.35,936
Gloucester,Driving Test Centre Gloucester,Falcon Close,Green Farm Business Park,Quedgeley,,GL2 4LY,51.83,-2.28,816
Goodmayes (London),Driver and Vehicle Standards Agency,Driving Test Centre Goodmayes,"98 Goodmayes Road, Ilford",,,IG3 9UZ,51.56,0.11,482
Gosforth,Driver and Vehicle Standards Agency,Driving Test Centre Gosforth,Sandy lane,Gosforth,,NE3 5HB,55.04,-1.61,232
Grangemouth,Unit 7,Grangemouth Business Centre,3 Roseland Hall,Grangemouth,,FK3 8WJ,56.02,-3.73,4505
Grantham (Somerby),Driver and Vehicle Standards Agency,Driving Test Centre Grantham,Spitalgate Airfield,Blue Harbour,Grantham,NG31 7TX,52.90,-0.59,5705
Greenford (Horsenden Lane),Driver and Vehicle Standards Agency,Driving Test Centre,"96 Horsenden Lane North, Greenford",,,UB6 7QH,51.55,-0.33,113
Greenham,Driver and Vehicle Standards Agency,Off Buckner Croke Way,Ventre West Business Park,"New Greenham Park, Newbury",,RG19 6HX,51.38,-1.29,3782
Greenock,Driver and Vehicle Standards Agency,Driving Test Centre Greenock,19 A Union Street,Greenock,,PA16 8DD,55.95,-4.77,282
Grimsby Coldwater,Driver and Vehicle Standards Agency,Driving Test Centre Grimsby LGV,"Estate Road 1, South Humberside Trading Estate","Pyewipe, Grimsby",,DN31 2TB,53.58,-0.11,234
Guildford,Driver and Vehicle Standards Agency,Driving Test Centre Guildford L   LGV,Slyfield Industrial Estate off Moorfield Road,Guildford,,GU1 1SA,51.26,-0.56,115
Halifax,Driver and Vehicle Standards Agency,Driving Test Centre Halifax,"11 Cross Street West, Pellon",Halifax,,HX2 0HA,53.73,-1.89,184
Hamilton,Driver and Vehicle Standards Agency,Driving Test Centre Hamilton,30 Selkirk Street,Hamilton,,ML3 6RQ,55.77,-4.04,290
Hartlepool,Driver and Vehicle Standards Agency,Driving Test Centre Hartlepool,"Unit 20, Newburn Bridge Industrial Estate",Mainsforth Terrace,,TS25 1TZ,54.68,-1.20,229
Hastings (Ore),Driver and Vehicle Standards Agency,Driving Test Centre Hastings (Ore),"Brookway Business Park, Ivyhouse Lane",Hastings,,TN35 4NN,50.89,0.60,458
Heckmondwike,Driver and Vehicle Standards Agency,Driving Test Centre Heckmondwike,Tower Buildings,High Street,,WF16 0AS,53.71,-1.67,191
Hendon (London),Driver and Vehicle Standards Agency,Driving Test Centre Hendon,"3 Aviation Drive, Beaufort Park",Hendon,,NW9 5TZ,51.59,-0.24,2018
Hereford,"1, Faraday Rd",Westfield Trading Estate,Hereford,Herefordshire,,HR4 9NS,52.07,-2.73,20
Herne Bay,Driver and Vehicle Standards Agency,Altria Business park,Margate Road,Thanet Way,,CT6 6GZ,51.36,1.14,1337
Heysham,Driver and Vehicle Standards Agency,Driving Test Centre Heysham,Lancaster Training Services Ltd,"5 Penrod Way, Heysham",,LA3 2UZ,54.04,-2.90,163
High Wycombe,Driver and Vehicle Standards Agency,Driving Test Centre High Wycombe,"Regus, 1 Ashton Court",Kingsmead Business Park,High Wycombe,HP11 1 JU,51.61,-0.70,9628
Hinckley,Driver and Vehicle Standards Agency,Driving Test Centre Hinckley,33 Brookside,Hinckley,,LE10 2TG,52.53,-1.37,65
Hither Green (London),Driver and Vehicle Standards Agency,Driving Test Centre Hither Green,42-44 Ennersdale Road,Hither Green,,SE13 6JD,51.45,-0.01,120
Hornchurch (London),Driver and Vehicle Standards Agency,Driving Test Centre Hornchurch,75 Station Lane,Hornchurch,,RM12 6JX,51.56,0.22,121
Horsforth,Driver and Vehicle Standards Agency,Driving Test Centre Horsforth,Room 013 Woodside House 261 Low Lane,Leeds,,LS18 5NY,53.84,-1.62,185
Huddersfield,Driver and Vehicle Standards Agency,"The Chestnut Centre, 2A Chestnut Street",Sheepridge,Huddersfield,,HD2 1HJ,53.67,-1.77,186
Hull,Driver and Vehicle Standards Agency,Driving Test Centre HULL,"Reservoir Road, Off Clough Road",Kingston Upon Hull,,HU6 7PY,53.77,-0.34,976
Inverness (Longman Drive),Driver and Vehicle Standards Agency,Driving Test Centre Inverness,4 Longman Drive,Inverness,,IV1 1SU,57.49,-4.23,1237
Ipswich,Driver and Vehicle Standards Agency,Driving Test Centre Ipswich MPTC,Wentworth Road Ransomes Europark,Ipswich,,IP3 9SW,52.03,1.21,76
Irvine,Driver and Vehicle Standards Agency,Irvine Driving Test Centre,"Century Court, Riverside Business Park",,,KA11 5DJ,55.60,-4.64,3965
Isleworth (Fleming Way),Driver and Vehicle Standards Agency,Driving Test Centre Isleworth,"The Wireless Factory, Fleming Way",Isleworth,,TW7 6DB,51.47,-0.34,124
Kendal (Oxenholme Road),Driver and Vehicle Standards Agency,Driving Test Centre Kendal,"Unit 2, Wayfaring House","Murley Moss, Oxenholme Road",,LA9 7RL,54.31,-2.73,5845
Kettering,Driver and Vehicle Standards Agency,Driving Test Centre Kettering,"Orion Way, Kettering Business Park",Kettering,,NN15 6NL,52.38,-0.72,1238
Kings Lynn,Driver and Vehicle Standards Agency,Driving Test Centre Kings Lynn,"Rollesby Road, Hardwick Industrial Estate",Kings Lynn,,PE30 4LS,52.75,0.42,1156
Kirkcaldy,Driver and Vehicle Standards Agency,Driving Test Centre Kirkcaldy,10 Randolph Place,Kirkcaldy,,KY1 2YX,56.13,-3.13,1196
Kirkham LGV,Driver and Vehicle Standards Agency,Driving Test Centre Kirkham LGV,Freckleton Lane,Kirkham,,PR4 2RP,53.78,-2.87,241
Knaresborough,Driver and Vehicle Standards Agency,Driving Test Centre Knaresborough,"Ground Floor Unit 8, Grimbald Crag Court","St James Business Park, Knaresborough",,HG5 8QB,54.00,-1.44,3580
Launceston,Suite 4,"Sheers Barton Barns, Lawhitton",,LAUNCESTON,,PL15 9NJ,50.61,-4.33,392
Lee On The Solent,The Richard Sainsbury Building,Daedalus Argus Gate,"Daedalus Drive, Lee on the Solent",Hampshire,,PO13 9JY,50.81,-1.20,1317
Leeds,Driver and Vehicle Standards Agency,Driving Test Centre Leeds (Harehills),"Hillcrest House, 386 Harehills Lane",Leeds,,LS9 6NF,53.81,-1.51,192
Leicester (Cannock Street),Driver and Vehicle Standards Agency,Driving Test Centre Leicester LGV,"40 Cannock Street, Barkbythorpe Road",Troon Industrial Estate,,LE4 9HT,52.66,-1.08,441
Leicester (Wigston),Driver and Vehicle Standards Agency,Driving Test Centre Leicester (Wigston),Tigers Road off Saffron Road,South Wigston,,LE18 4WS,52.58,-1.14,69
Leighton Buzzard (Stanbridge Road),Driver and Vehicle Standards Agency,Driving Test Centre Leighton Buzzard LGV,"Leighton Road, Stanbridge",Leighton Buzzard,,LU7 4QG,51.91,-0.63,93
Letchworth,Driver and Vehicle Standards Agency,Driving Test Centre Letchworth,Jackmans Place Letchworth Garden City,Letchworth,,SG6 1RF,51.98,-0.21,18
Lichfield,Driver and Vehicle Standards Agency,Driving Test Centre Lichfield,Lower Sanford Street,Lichfield,,WS13 6RB,52.68,-1.83,3
Lincoln,Driver and Vehicle Standards Agency,Driving Test Centre Lincoln,"Earlsfield Close, Off Sadler Road",Lincoln,,LN6 3RT,53.20,-0.61,1216
Livingston,Driver and Vehicle Standards Agency,Driving Test Centre LGV Livingston,Houston Industrial Estate,Livingston,,EH54 5DE,55.89,-3.53,345
Llanelli,Driver and Vehicle Standards Agency,Driving Test Centre Llanelli,Toft Place Llanerch,Llanelli,,SA15 3SB,51.69,-4.16,394
Llantrisant,Driver and Vehicle Standards Agency,Driving Test Centre Llantrisant LGV,"School Road, Miskin",Llantrisant,,CF72 8YR,51.52,-3.37,395
Loughborough,Loughborough Driving Test Centre,Ark Business Centre,Gordon Road,Loughborough,,LE11 1JP,52.78,-1.20,70
Loughton (London),Driver and Vehicle Standards Agency,Driving Test Centre Loughton,"Crown Buildings, 284 High Road","Loughton, Essex",,IG10 1RB,51.65,0.06,125
Lowestoft(Mobbs Way),Driver and Vehicle Standards Agency,Driving Test Centre Lowestoft (Mobbs Way),Unit3 Oakland House Business Centre,"Mobbs Way, Oulton Broad, Lowestoft",,NR32 3AL,52.48,1.75,78
Ludlow,Driver and Vehicle Standards Agency,"Unit 1, The Business Quarter",Eco Park Road,LUDLOW,,SY8 1FD,52.37,-2.69,25
Luton,Driver and Vehicle Standards Agency,Driving Test Centre Luton,6-10 Adelaide Street,Luton,,LU1 5BT,51.88,-0.42,40
Macclesfield,Driver and Vehicle Standards Agency,Driving Test Centre Macclesfield,Unit 4 Bailey Court,"Green Street, Macclesfield",,SK10 1JQ,53.26,-2.13,221
Maidstone,Driver and Vehicle Standards Agency,Driving Test Centre Maidstone,"Unit 1 North Court, South Park Business Village","Armstrong Rd, Maidstone, Kent",,ME15 6JZ,51.26,0.53,126
Malton,Driver and Vehicle Standards Agency,Driving Test Centre Malton,3 Milton Avenue,Malton,,YO17 7LB,54.14,-0.79,178
Merthyr Tydfil,Merthyr Industrial Park,,Pentrebach,Merthyr Tydfil,,CF48 4DR,51.72,-3.36,3660
Middlesbrough,Driver and Vehicle Standards Agency,Driving Test Centre Middlesbrough,Maxwell Road,Middlesbrough,,TS3 8TE,54.57,-1.19,172
Mill Hill (London),Driver and Vehicle Standards Agency,Driving Test Centre Mill Hill,"Unit 9, Grannard Business Centre","Bunns Lane, Mill Hill",,NW7 2DQ,51.61,-0.25,127
Mitcham (London),Driver and Vehicle Standards Agency,Driving Test Centre Mitcham,Redhouse Road,Mitcham,,CR0 3AQ,51.39,0.14,1942
Monmouth,Driver and Vehicle Standards Agency,Driving Test Centre Monmouth,Old Dixon Road,Monmouth,,NP25 3DP,51.81,-2.71,399
Morden (London),Driver and Vehicle Standards Agency,Driving Test Centre Morden,10 Tudor Drive,Morden,,SM4 4PE,51.39,-0.21,128
Nelson,Driver and Vehicle Srandards Agency,Driving Test Center Nelson,"Ground Floor Units 103,104, 105","Pendle Business Centre, Commercial Road",,BB9 9BT,53.83,-2.22,165
Newport (Gwent),Driver and Vehicle Standards Agency,Driving Test Centre Newport,"Stephenson Street, Off Corporation Road","Liswerry, Newport",,NP19 4XB,51.57,-2.97,836
Newport (Isle of Wight),Driver and Vehicle Standards Agency,Driving Test Centre Newport (I.o.W),Innovation Centre,"St Cross Business Park, Newport",,PO30 5WB,50.71,-1.30,404
Newton Abbot,Driver and Vehicle Standards Agency,Driving Test Centre Newton Abbot,"Vander House, Brunel Rd",Newton Abbot,,TQ12 4YQ,50.53,-3.60,405
Newtown,Driver and Vehicle Standards Agency,Driving Test Centre Newtown,Ladywell House,Newtown,,SY16 1JB,52.51,-3.32,406
Norris Green (Liverpool),Driver and Vehicle Standards Agency,Driving Test Centre Norris Green,Falklands Approach Parthenon Drive,Norris Green,,L11 5BR,53.44,-2.93,206
Northallerton,Driver and Vehicle Standards Agency,Driving Test Centre Northallerton,Elder House East Road,Northallerton,,DL6 1NU,54.34,-1.43,173
Northampton,Driver and Vehicle Standards Agency,Driving Test Centre Northampton,Gladstone Business Centre,Gladstone Road,,NN5 7QA,52.25,-0.91,72
Norwich (Jupiter Road),Driver and Vehicle Standards Agency,Driving Test Centre (Jupiter Road),"Jupiter Road, Hellesdon",Norwich,,NR6 6SS,52.66,1.28,90
Norwich (Peachman Way),PLOT 16A,Peachman Way,Broadlands Business Park,Thorpe St Andrew,Norwich,NR7 0WE,52.63,1.38,1376
Nottingham (Chilwell),"Unit 24, Eldon Business Park",Eldon Road,Beeston,NOTTINGHAM,,NG9 6DZ,52.90,-1.24,4825
Nottingham (Colwick),Driver and Vehicle Standards Agency,Driving Test Centre Colwick,Private Road No.5,Colwick Industrial Estate,,NG4 2JU,52.96,-1.07,1116
Nuneaton,Driver and Vehicle Standards Agency,Driving Test Centre Nuneaton,54 Vernons Lane Stockingford,Nuneaton,,CV10 8AA,52.52,-1.49,74
Oxford (Cowley),Driver and Vehicle Standards Agency,Driving Test Centre Oxford (Cowley),James Wolfe Road,Cowley,,OX4 2PY,51.73,-1.22,47
Paisley,Driving and Vehicle Standards Agency,Driiving Test Centre Paisley,1 West Avenue,"Linwood Industrial Estate, Paisley",,PA1 2FB,55.84,-4.48,316
Pembroke Dock,Driver and Vehicle Standards Agency,"Ground Floor, Captain Superintendents Building","The Dockyard, PEMBROKE DOCK",,,SA72 6TD,51.69,-4.95,407
Penzance,Driver and Vehicle Standards Agency,Driving Test Centre Penzance,1 Alverton Terrace,Penzance,,TR18 4JH,50.12,-5.54,408
Perth (Arran Road),Driver and Vehicle Standards Agency,Driving Test Centre Perth,"Arran Road, North Muirton Ind Estate",Perth,,PH1 3DZ,56.42,-3.46,347
Peterborough,Driver and Vehicle Standards Agency,Driving Test Centre Peterborough,"Second Drove, Fengate",Peterborough,,PE1 5XA,52.57,-0.22,1157
Peterhead,Driver and Vehicle Standards Agency,Driving Test Centre Peterhead,Suite 21 Burnside Business Centre Burnside Road,Peterhead,,AB42 3AW,57.49,-1.80,314
Pinner (London),Driver and Vehicle Standards Agency,Driving Test Centre Pinner,221 Tolcarne Drive,Pinner,,HA5 2DZ,51.60,-0.40,131
Plymouth,Driver and Vehicle Standards Agency,Driving test centre Plymouth,Ernsettle Lane,Plymouth,,PL5 2EY,50.41,-4.18,1978
Plymouth LGV,Driver and Vehicle Standards Agency,Driving Test Centre Plymouth LGV,Agaton Fort,Agaton Fort Road,,PL5 2QZ,50.42,-4.17,410
Pontefract,Driver and Vehicle Standards Agency,Driving Test Centre Pontefract (Castleford),"7 Flemming Court, Whistler Drive",Castleford,,WF10 5HW,53.69,-1.30,179
Poole,Driver and Vehicle Standards Agency,Driving Test Centre Poole,"4-20 Harwell Road, Nuffield Ind Estate",Poole,,BH17 0SA,50.74,-1.98,413
Portsmouth,Driver and Vehicle Standards Agency,Driving Test Centre Portsmouth,"Opposite Fort Southwick, James Callaghan Drive","Fareham, Hampshire",,PO17 6AR,50.86,-1.11,506
Preston,Driver and Vehicle Standards Agency,Driving Test Centre Preston,Chain Caul Road,,,PR2 2PD,53.76,-2.75,166
Reading,Driver and Vehicle Standards Agency,Driving Test Centre Reading,220 Elgar Road South,Reading,,RG2 0BW,51.44,-0.97,416
Redditch,Driver and Vehicle Standards Agency,Driving Test Centre Redditch,Elm Road,Redditch,,B97 6HJ,52.31,-1.95,27
Redhill Aerodrome,Driver and Vehicle Standards Agency,Driving Test Centre Redhill,"First Floor, Redhill Aerodrome Business Centre","Kings Mill Lane, Redhill",,RH1 5JZ,51.22,-0.14,132
Rhyl,Driver and Vehicle Standards Agency,Driving Test Centre Rhyl,Victoria Road,Rhyl,,LL18 2EL,53.31,-3.49,418
Rochdale (Manchester),Driver and Vehicle Standards Agency,Driving Test Centre Rochdale,"Room G10, Globe House Business Centre","Moss Bridge Road, Rochdale",,OL16 5EB,53.61,-2.13,201
Rotherham,Driver and Vehicle Standards Agency,Driving Test Centre Rotherham,Mangham Way,Off Mangham Road,,S61 4RL,53.44,-1.36,956
Rugby,Driver and Vehicle Standards Agency,Driving Test Centre Rugby,"Aspect House, 66b Somers Road",Rugby,,CV22 7DH,52.37,-1.29,34
Sale (Manchester),Driver and Vehicle Standards Agency,Driving Test Centre Sale,36-38 Poplar Grove,Sale,,M33 7ER,53.42,-2.32,202
Salisbury,Driver and Vehicle Standards Agency,Driving Test Centre Salisbury,Rougemont Close,Salisbury,,SP1 1LY,51.07,-1.79,420
Scarborough,Driver and Vehicle Standards Agency,Driving Test Centre Scarborough,10/11 Falsgrave Resource Centre,Scarborough,,YO12 4DH,54.24,-0.40,180
Scunthorpe,Driver and Vehicle Standards Agency,Driving Test Centre Scunthorpe MPTC,Onward Way Off Warren Road,Scunthorpe,,DN15 6XH,53.60,-0.64,1036
Sevenoaks,Driver and Vehicle Standards Agency,Driving Test Centre Sevenoaks,45 Argyle Road,Sevenoaks,,TN13 1HJ,51.27,0.19,133
Sheffield (Handsworth),"Department for Transport, Vehicle Testing Station",Orgreave Way,Handsworth,sheffield,,S13 9LT,53.37,-1.37,237
Sheffield (Middlewood Road),Driver and Vehicle Standards Agency,Driving Test Centre,"508 Middlewood Road, Sheffield",,,S6 1TQ,53.42,-1.51,195
Shrewsbury,Driver and Vehicle Standards Agency,Driving Test Centre Shrewsbury,Stafford Drive,Battlefield Enterprise Park,,SY1 3BF,52.75,-2.74,876
Sidcup (London),Driver and Vehicle Standards Agency,Driving Test Centre Sidcup,"2 Crayside, Five Arches Business Estate,","Maidstone Road, Sidcup",,DA14 5AG,51.42,0.12,134
Skegness,Driver and Vehicle Standards Agency,Driving Test Centre Skegness,"Unit 3, Beaubridge Business Park",Heath Road,,PE25 3ST,53.14,0.33,53
Skipton,Driver and Vehicle Standards Agency,Driving Test Centre Skipton,Foundry House Carleton Road,Skipton,,BD23 2BE,53.95,-2.02,187
Slough (London),Drivng Test Centre Slough,12 Waterside Drive,Langley,SLOUGH,,SL3 6EZ,51.50,-0.55,421
Southall (London),Driver and Vehicle Standards Agency,Driving Test Centre Southall,295 Allenby Road,Southall,,UB1 2HD,51.53,-0.36,2078
Southampton (Maybush),Driver and Vehicle Standards Agency,Driving Test Centre Maybush,Green Lane,Maybush,,SO16 9FP,50.93,-1.46,423
Southend-on-Sea,The Tickfield Centre,Tickfield Industrial Estate,Tickfield Ave,SOUTHEND ON SEA,,SS2 6LL,51.55,0.71,4305
Southport (Liverpool),Driver and Vehicle Standards Agency,Driving Test Centre Southport,Eastbank House,Eastbank Street,,PR8 1HE,53.64,-3.00,207
Speke (Liverpool),Driver and Vehicle Standards Agency,Unit 3 Dakota Business Park,Skyhawk Avenue,Speke,,L19 2QR,53.35,-2.89,205
St Albans,Driver and Vehicle Standards Agency,Driving Test Centre St Albans,Beauver House 6 Bricket Road,St Albans,,AL1 3JX,51.75,-0.34,41
St Helens (Liverpool),Driver and Vehicle Standards Agency,Driving Test Centre St Helens MPTC,"1 Navigation Road, off Pocket Nook Street",St Helens,,WA9 1NS,53.46,-2.72,1076
Stafford,Driver and Vehicle Standards Agency,Driving Test Centre Stafford,Unit 7 Greyfriars Business Park,Frank Foley Way,,ST16 2RF,52.81,-2.13,459
Steeton,Driver and Vehicle Standards Agency,Driving Test Centre Steeton,Steeton Grove,"Steeton, West Yorkshire",,BD20 6RW,53.90,-1.95,236
Stevenage,Driver and Vehicle Standards Agency,Driving Test Centre Stevenage,3 Drapers Way,Stevenage,,SG1 3DT,51.91,-0.21,19
Stirling,Driver and Vehicle Standards Agency,Driving Test Centre Stirling,Government Buildings 2 St Ninians Road,Stirling,,FK8 2HF,56.11,-3.94,325
Stoke-On-Trent (Cobridge),Driver and Vehicle Standards Agency,Driving Test Centre (Cobridge),"8 Elder Road, Cobridge, Stoke On Trent",,,ST6 2HE,53.04,-2.19,2
Stoke-on-Trent (Newcastle-Under-Lyme),Driver and Vehicle Standards Agency,Driving Test Centre Newcastle-Under-Lyme,"Lyme Drive, Parklands","Clayton Lane, Trent Vale",,ST4 6PQ,53.00,-2.21,64
Sunderland,Driver and Vehicle Standards Agency,Sunderland DTC,"Riverbank Road, North Hylton Industrial Estate",SUNDERLAND,,SR5 3JJ,54.92,-1.43,157
Swansea,Driver and Vehicle Standards Agency,Driving Test Centre Swansea MPTC,Langdon Rd,Swansea,,SA1 8QY,51.62,-3.92,1316
Swindon,Driver and Vehicle Standards Agency,Driving Test Centre Swindon,1 Fenn Close,Peatmoor,,SN5 5BL,51.57,-1.83,1236
Swindon LGV,Driver and Vehicle Standards Agency,Driving Test Centre Swindon LGV,Chisledon Camp,Chisledon,,SN4 0FH,51.50,-1.73,427
Taunton,Driver and Vehicle Standards Agency,Driving Test Centre Taunton MPTC,"Unit L2, Off Venture Way Crown Industrial Estate",,,TA2 8RX,51.03,-3.08,3721
Telford,Driver and Vehicle Standards Agency,Driving Test Centre Telford,35 Horton Wood,Telford,,TF1 7FR,52.72,-2.46,7
Tilbury,Driver and Vehicle Standards Agency,Driving Test Centre Tilbury,"Montana House, Russell Road",Tilbury,,RM18 7AE,51.46,0.35,112
Tolworth (London),Driver and Vehicle Standards Agency,Driving Test Centre Tolworth,"Douglas House,  1b  Douglas Road",Tolworth,,KT6 7RZ,51.38,-0.29,481
Tottenham,Driver and Vehicle Standards Agency,Driving Test Centre Tottenham,Annex Building,"Selby Centre, Selby Road","Tottenham, London",N17 8JL,51.61,-0.08,6446
Tunbridge Wells,Driver and Vehicle Standards Agency,Driving Test Centre Tunbridge Wells,8 Upper Grosvenor Road,Tunbridge Wells,,TN1 2ES,51.14,0.26,140
Upton,Driver and Vehicle Standards Agency,Driving Test Centre Upton,Arrowe Park Rd,Upton,,CH49 0UF,53.38,-3.10,226
Uxbridge (London),Driver and Vehicle Standards Agency,"Unit 7, Trade City Business Park",Off Cowley Mill Road,UXBRIDGE,,UB8 2DB,51.54,-0.47,3699
Wakefield,Driver and Vehicle Standards Agency,Driving Test Centre Wakefield,Mothers Way Silkwood Park,,,WF5 9TR,53.68,-1.54,3499
Wallasey,Driver and Vehicle Standards Agency,Driving Test Centre Wallasey,17c King Street,Wallasey,,CH44 8AT,53.42,-3.03,209
Walton LGV,Driver and Vehicle Standards Agency,Driving Test Centre Walton LGV,Wighill Lane,Walton,,LS23 7DU,53.92,-1.32,238
Wanstead (London),Driver and Vehicle Standards Agency,Driving Test Centre Wanstead,"2 Devon House, Hermon Hill",Wanstead,,E11 2AW,51.58,0.02,143
Warrington,Warrington Borough Council Orford Day Centre,Festival Avenue,Warrington,Cheshire,,WA2 9EP,53.41,-2.58,4225
Warwick (Wedgenock House),Driver and Vehicle Standards Agency,Driving Test Centre Warwick,Ground Floor Wedgnock House Wedgnock Lane,Warwick,,CV34 5AP,52.30,-1.60,507
Watford,Driver and Vehicle Standards Agency,Driving Test Centre Watford,CP House Otterspool Way,Watford,,WD25 8HU,51.67,-0.37,457
Watnall,Driver and Vehicle Standards Agency,Driving Test Centre Watnall LGV,Main Road,Watnall,,NG16 1JF,53.01,-1.25,81
Wednesbury,Driver and Vehicle Standards Agency,Driving Test Centre Wednesbury,Knowles Street,Wednesbury,,WS10 9HN,52.55,-2.01,29
West Didsbury (Manchester),Driver and Vehicle Standards Agency,Driving Test Centre West Didsbury,"Ground Floor Unit 11, Christie Park",West Didsbury,,M21 7QY,53.42,-2.26,3579
West Wickham (London),Driver and Vehicle Standards Agency,Driving Test Centre West Wickham,56 Glebe Way,West Wickham,,BR4 0RL,51.38,-0.01,145
Weston-super-Mare,Driver and Vehicle Standards Agency,Driving Test Centre Weston-Super-Mare,Plot 11 Sunnyside Rd North Industrial Estate,,,BS23 3PZ,51.34,-2.97,433
Whitby,Driver and Vehicle Standards Agency,Driving Test Centre Whitby,Unit F11,St Hilda's Business Centre,,YO22 4ET,54.48,-0.61,189
Widnes,Driver and Vehicle Standards Agency,Driving Test Centre Widnes,Everite Road,Widnes,,WA8 8PT,53.36,-2.77,211
Winchester,Driver and Vehicle Standards Agency,Driving Test Centre Winchester,Christchurch Road,Winchester,,SO23 9SY,51.06,-1.32,434
Wolverhampton,Spring Road,Spring Road Industrial Estate,Ettingshall,Wolverhampton,,WV4 6JX,52.56,-2.10,2098
Wood Green (London),Wood Green Crown Court,Lordship Lane,,LONDON,,N22 5LF,51.60,-0.11,148
Worcester,Driver and Vehicle Standards Agency,Driving Test Centre Worcester,Stanier Road,Warndon,,WR4 9FE,52.21,-2.18,30
Workington,Workington Driving Test Centre,Moss Bay House 40 Peart Road,Derwent Howe Industrial Estate,Workington,,CA14 3YT,54.64,-3.57,167
Worksop,Driving Test Centre Worksop,"Unit 4, The Point",Coach Road,Shireoaks,,S81 8BW,53.32,-1.16,62
Worthing,"DVSA Art Room, Field Place",The Boulevard,Worthing,West Sussex,,BN13 1NP,50.82,-0.33,446
Wrexham,Ground Floor,1 Birchall House,Wrexham Technology Park,,Wrexham,LL13 7YP,53.05,-3.01,2058
Yeading (London),Driver and Vehicle Standards Agency,Driving Test Centre Yeading LGV,Willow Tree Lane,Yeading,,UB4 9BS,51.52,-0.39,454
Yeovil,Driver and Vehicle Standards Agency,Driving Test Centre Yeovil,Suite 2 Abbey Manor Business Ctr,"Preston Road, Yeovil",,BA20 2EN,50.94,-2.66,438
York,Driver and Vehicle Standards Agency,Driving Test Centre York,"Arabesque House (Unit 2), Monks Cross Drive","Huntington, York",,YO32 9GW,53.99,-1.05,182
Remote,ADDRESS LINE 1,ADDRESS LINE 2,ADDRESS LINE 3,ADDRESS LINE 4,ADDRESS LINE 5,POST CODE,LATITUDE,LONGITUDE,TC_ID
Aberfeldy,Driver and Vehicle Standards Agency,Driving Test Centre Aberfeldy,"Town Hall, Crieff Road",,,PH15 2BJ,56.62,-3.87,247
Alness,Driver and Vehicle Standards Agency,Driving Test Centre Alness,"Unit 22 Fyrish Way, Teaninich Industrial Estate",Alness,,IV17 0PJ,57.69,-4.27,696
Alnwick,Driver and Vehicle Standards Agency,Driving Test Centre Alnwick,"Roxburgh House, Green Batt",Alnwick,,NE66 1JX,55.41,-1.71,150
Arbroath,Driving Test centre Arbroath,,"Asda Supermarket Westway Retail Park, Dundee Road","Arbroath,",,DD11 2NQ,56.55,-2.61,318
Bala,Driver and Vehicle Standards Agency,Driving Test Centre Bala,"Unit 4, Penllyn Workshops",Bala,,LL23 7SP,52.91,-3.60,358
Ballater,Ballater Fire Station,Anderson Road (off Braichlie Rd),,BALLATER,,AB35 5QW,57.05,-3.04,251
Banff,Driving Vehicle Standards Agency,Driving Test Centre Banff,Ground Floor,Banff Castle,,AB45 1DL,57.67,-2.52,242
Barra,Driver and Vehicle Standards Agency,Driving Test Centre Barra Island,"The Pier, Castlebay",,,HS9 5XD,56.96,-7.49,244
Benbecula Island,Driver and Vehicle Standards Agency,Driving Test Centre Benbecula Island,Balivanich Airport,Benbecula Island,,HS7 5LA,57.47,-7.37,245
Berwick-On-Tweed,Driver and Vehicle Standards Agency,Driving Test Centre Berwick-On-Tweed,"Tweedside Industrial Estate, Northumberland Street",Berwick-On-Tweed,,TD15 2UY,55.76,-2.02,158
Brecon,Driver and Vehicle Standards Agency,Driving Test Centre Brecon,Camden Road,Brecon,,LD3 7RT,51.93,-3.40,365
Brodick (Isle of Arran),Driver and Vehicle Standards Agency,Driving Test Centre Brodick (Arran),Royal Mail Delivery Office,Mayish Road,,KA27 8AU,55.58,-5.13,246
Buckie,Driver and Vehicle Standards Agency,Driving Test Centre Buckie,"The Fire Station, East Cathcart Street",Buckie,,AB56 1QJ,57.67,-2.97,250
Callander,Driver and Vehicle Standars Agency,DTC Callander,Callander Youth Hostel,6 Bridgend,,FK17 8AH,56.24,-4.21,456
Campbeltown,Driver and Vehicle Standards Agency,Driving Test Centre Campbeltown,"Crown Buildings, Hall Street",Campbeltown,,PA28 6BU,55.42,-5.60,260
Castle Douglas,Driver and Vehicle Standards Agency,Driving Test Centre Castle Douglas,"Carlingwark Cottage, Carlingwark Arc",Castle Douglas,,DG7 1TH,54.93,-3.94,255
Crieff,Driver and Vehicle Standards Agency,Driving Test Centre Crieff,"Crieff Fire Station, Broich Road",Crieff,,PH7 3SB,56.37,-3.85,259
Dunoon,river and Vehicle Standards Agency,Driving Test Centre Dunoon,Dunoon Business Centre,"Unit 20 Highland Ave, Sandbank Business Park",,PA23 8KP,55.97,-4.91,266
Duns,Driver and Vehicle Standards Agency,Driving Test Centre Duns,"Scottish Borders Council, 8 Newton Street",Duns,,TD11 3AU,55.78,-2.35,267
Forfar,Driver and Vehicle Standards Agency,Driving Test Centre Forfar,Asda Supercentre,"Unit1,  New Road, Forfar",,DD8 2AE,56.64,-2.89,276
Fort William,Driver and Vehicle Standards Agency,Driving Test Centre Fort William,"Lochaber College, An Aird",Fort William,,PH33 6AN,56.82,-5.10,277
Fraserburgh,Driver and Vehicle Standards Agency,Office Number 7,"Fraserburgh Business Centre, South Harbour Road",Fraserburgh,,AB43 9TN,57.69,-2.00,274
Gairloch,Driver and Vehicle Standards Agency,Driving Test Centre Gairloch,Mihol Road,Gairloch,,IV21 2BX,57.74,-5.70,281
Golspie,Driver and Vehicle Standards Agency,Driving Test Centre Golspie,"Golspie Fire Station, Back Road",Golspie,,KW10 6SP,57.97,-3.98,283
Grantown-On-Spey,Driver and Vehicle Standards Agency,Driving Test Centre Grantown-on-Spey,"Grantown-on-spey Fire Station, Woodside Avenue",Grantown-on-Spey,,PH26 3JR,57.33,-3.61,285
Haddington,Driver and Vehicle Standards Agency,Driving Test Centre Haddington,Herdmanflatt,Haddington,,EH41 3NG,55.95,-2.76,288
Hawick,Driving Test Centre Hawick,Burnfoot Community Hub,89 Brunfoot Road,Hawick,,TD9 8EJ,55.43,-2.78,293
Hexham,Driver and Vehicle Standards Agency,Driving Test Centre Hexham,St Andrews House,Haugh Lane,,NE46 3EW,54.97,-2.11,153
Huntly,Driver and Vehicle Standards Agency,Driving Test Centre Huntly,Huntly Fire Station Depot Road,Huntly,,AB54 8JX,57.45,-2.80,292
Inveraray,Driver and Vehicle Standards Agency,Driving Test Centre Inveraray (Argyll),The Pier,Inveraray,,PA32  8XF,56.23,-5.07,333
Inverurie,Driver and Vehicle Standards Agency,Driving Test Centre Inverurie (Grampian),Garioch Indoor Bowling Centre,Harlaw Industrial Estate,,AB51 4FR,57.29,-2.39,294
Islay Island,DVSA Driving Test Centre Islay Islands,Argyll and Bute Council Offices,Jamieson Street,Bowmore,Islay,PA43 7HL,55.76,-6.29,305
Isle of Mull,Driver and Vehicle Standards Agency,Driving Test Centre Island of Mull (Salen),Salen,Isle of Mull,,PA72 6JD,56.52,-5.94,308
Isle of Skye (Portree),Driver and Vehicle Standards Agency,Driving Test Centre Isle of Skye (Portree),"Portree GVTS, Industrial Estate","Lisigarry Place, Portree",,IV51 9BD,57.42,-6.20,324
Isle of Tiree,Driver and Vehicle Standards Agency,Driving Test Centre Isle of Tiree,"Tiree Lodge Hotel , Got Bay",Kirkapol,,PA77 6TW,56.50,-6.81,330
Isles of Scilly,Driver and Vehicle Standards Agency,Driving Test Centre Isles of Scilly,Town Hall,St Marys,,TR21 0LW,49.91,-6.32,390
Kelso,Driver and Vehicle Standards Agency,Driving Test Centre Kelso,"Lloyd Land Rover, Pinnaclehill Ind Est","Lee Forbes Way, Kelso",,TD5 8WD,55.92,-2.42,300
Kingussie,Driver and Vehicle Standards Agency,Driving Test Centre Kingussie,Kingussie Shinty Club The Market Stance,"Ruthven Road, Kingussie",,PH21 1EN,57.08,-4.05,295
Kyle of Lochalsh,Driver and Vehicle Standards Agency,Driving Test Centre Kyle of Lochalsh,Kyle of Lochalsh Fire Station,Stoney Road,,IV40 8BP,57.28,-5.72,297
Lanark,Driver and Vehicle Standards Agency,Driving Test Centre Lanark,Lanark Agricultural Centre,Lanark,,ML11 9AX,55.66,-3.75,302
Lerwick,Driver and Vehicle Standards Agency,Driving Test Centre Lerwick (Shetland),"Isleburgh House, King Harald Street",Lerwick,,ZE1 0DJ,60.15,-1.15,322
Lochgilphead,Driver and Vehicle Standards Agency,Driving Test Centre Lochgilphead,Lochgilphead Community Centre,Manse Brae,,PA31 8QX,56.04,-5.43,303
Mallaig,Driver and Vehicle Standards Agency,Driving Test Centre Mallaig,Mallaig and Morar Community Centre,West Bay,,PH41 4PX,57.01,-5.83,307
Melton Mowbray,Melton Mowbray Driving Test Centre,Phoenix House,Nottingham Road,Melton Mowbray,,LE13 0UL,52.77,-0.89,71
Montrose,Driving Test Centre Montrose,Driver and Vehicle Standards Agency,Montrose Fire Station,10 Garrison Road,,DD10 8EE,56.72,-2.47,5785
Newton Stewart,Driving Vehicle Standard Agency,Driving Test Centre Newton Stewart,The Crown Hotel,,,DG8 6JW,54.96,-4.49,310
Northwich,Driver and Vehicle Standards Agency,Driving Test Centre Northwich (Northern),4 Felix Road Winnington,Northwich,,CW8 4BU,53.26,-2.53,215
Oban,Driver and Vehicle Standards Agency,Driving Test Centre Oban,Cameron House Albany Street,Oban,,PA34 4AE,56.41,-5.47,311
Orkney,Driver and Vehicle Standards Agency,Driving Test Centre Orkney (Kirkwall),Kirkwall Auction Mart Hatston Industrial Estate,,,KW15 1FL,58.98,-2.97,312
Oswestry,Driver and Vehicle Standards Agency,Driving Test Centre Oswestry,Mile Oak Industrial Estate Maesbury Road,Oswestry,,SY10 8HA,52.84,-3.04,4
Peebles,Driver and Vehicle Standards Agency,Driving Test Centre Peebles,Tweeddale District Council Rosetta Road,Peebles,,EH45 8DN,55.66,-3.19,313
Pitlochry,Driver and Vehicle Standards Agency,Driving Test Centre Pitlochry,"The Hall, West Moulin Road",Pitlochry,,PH16 5EA,56.71,-3.73,317
Pwllheli,Driver and Vehicle Standards Agency,Driving Test Centre Pwllheli,33 A Cardiff Road,Pwllheli,,LL53 5NT,52.88,-4.42,415
Rothesay,Driver and Vehicle Standards Agency,Driving Test Centre Rothesay (Bute),C/O Dept of Employment,9 King Street,,PA20 0DG,55.84,-5.06,319
Stornoway,Driver and Vehicle Standards Agency,Driving Test Centre Stornoway,"Fishermans Mission, 1 Quay Street",Stornoway,,HS1 2XX,58.21,-6.39,304
Stranraer,Driver and Vehicle Standards Agency,Driving Test Centre Stranraer,North West Castle Hotel,Stranraer,,DG9 8EH,54.90,-5.02,320
Thurso,Driver and Vehicle Standards Agency,Driving Test Centre Thurso,"Naver House,  Naver Road",Naver Business Park,,KW14 7QA,58.59,-3.54,329
Ullapool,Ullapool Fire Station,Lady Smith Street,Ullapool,,,IV26 2UW,57.90,-5.16,331
Wick,Driver and Vehicle Standards Agency,Driving Test Centre Wick,Airport Industrial Estate,Wick,Caithness,KW1 4QS,58.45,-3.09,5805
TTTTC Sites,ADDRESS LINE 1,ADDRESS LINE 2,ADDRESS LINE 3,ADDRESS LINE 4,ADDRESS LINE 5,POST CODE,LATITUDE,LONGITUDE,TC_ID
Cumnock,Driver and Vehicle Standards Agency,Driving Test Centre Cumnock,"The Town Hall, 2 Hall Terrace",Cumnock,,KA18 1DX,55.45,-4.26,256
East Kilbride,Driving Test Centre East Kilbride,John Wright Sports Centre,Calderwood Road,East Kilbride,,G74 3EU,55.77,-4.18,5165
Girvan,The Carrick Buildings Learning,Centre,Henrietta Street,Girvan,,KA26 9AL,55.24,-4.86,280
Louth,Driver and Vehicle Standards Agency,Driving Test Centre Louth,Meridian Leisure Centre,"Wood Lane, Louth",,LN11 8RS,53.36,0.02,3884
Trowbridge,Longfield Community Centre,Weavers Drive,Trowbridge,,,BA14 7DZ,51.31,-2.20,4045
Wellingborough,Glamis Hall,Goldsmith Road,Wellingborough,Northamptonshire,,NN8 3RU,52.30,-0.72,6205
328,,,,,,,,,
